{"cameraMode":{"drawMode":0,"name":"Shaded","section":"Shading Mode"},"sceneLighting":false,"audioPlay":false,"sceneViewState":{"showFog":true,"showMaterialUpdate":false,"showSkybox":true,"showFlares":true,"showImageEffects":true,"showParticleSystems":true},"in2DMode":false,"pivot":{"x":0.0,"y":7.100000381469727,"z":1.439000129699707},"rotation":{"x":0.18250730633735658,"y":-0.2687762975692749,"z":0.05167554318904877,"w":0.9444900155067444},"size":1.6543381214141846,"orthographic":false}