{"cameraMode":{"drawMode":0,"name":"Shaded","section":"Shading Mode"},"sceneLighting":false,"audioPlay":false,"sceneViewState":{"showFog":true,"showMaterialUpdate":false,"showSkybox":true,"showFlares":true,"showImageEffects":true,"showParticleSystems":true},"in2DMode":false,"pivot":{"x":0.0,"y":0.000030517578125,"z":-0.0000247955322265625},"rotation":{"x":0.17110663652420045,"y":-0.8256664872169495,"z":-0.3377775549888611,"w":-0.4190378189086914},"size":26.846521377563478,"orthographic":false}