{"cameraMode":{"drawMode":0,"name":"Shaded","section":"Shading Mode"},"sceneLighting":false,"audioPlay":false,"sceneViewState":{"showFog":true,"showMaterialUpdate":false,"showSkybox":true,"showFlares":true,"showImageEffects":true,"showParticleSystems":true},"in2DMode":false,"pivot":{"x":8.828231811523438,"y":19.583789825439454,"z":-10.77578067779541},"rotation":{"x":-0.17845280468463899,"y":0.38362032175064089,"z":-0.07642915099859238,"w":-0.9031822085380554},"size":1.4435865879058838,"orthographic":false}