{"cameraMode":{"drawMode":0,"name":"Shaded","section":"Shading Mode"},"sceneLighting":false,"audioPlay":false,"sceneViewState":{"showFog":true,"showMaterialUpdate":false,"showSkybox":true,"showFlares":true,"showImageEffects":true,"showParticleSystems":true},"in2DMode":false,"pivot":{"x":0.0,"y":1.3498724699020386,"z":0.5333628058433533},"rotation":{"x":-0.028764735907316209,"y":0.043230559676885608,"z":-0.0018279273062944413,"w":-0.9989447593688965},"size":1.5093618631362916,"orthographic":false}