{"cameraMode":{"drawMode":0,"name":"Shaded","section":"Shading Mode"},"sceneLighting":false,"audioPlay":false,"sceneViewState":{"showFog":true,"showMaterialUpdate":false,"showSkybox":false,"showFlares":true,"showImageEffects":true,"showParticleSystems":true},"in2DMode":false,"pivot":{"x":0.04408648982644081,"y":-0.2797577381134033,"z":0.08951857686042786},"rotation":{"x":0.11022181808948517,"y":-0.8585300445556641,"z":0.20766833424568177,"w":0.45585113763809206},"size":1.3522732257843018,"orthographic":false}