{"cameraMode":{"drawMode":0,"name":"Shaded","section":"Shading Mode"},"sceneLighting":false,"audioPlay":false,"sceneViewState":{"showFog":true,"showMaterialUpdate":false,"showSkybox":true,"showFlares":true,"showImageEffects":true,"showParticleSystems":true},"in2DMode":false,"pivot":{"x":39.07874298095703,"y":18.277820587158204,"z":11.878284454345704},"rotation":{"x":0.2010885626077652,"y":-0.15470294654369355,"z":0.03184467926621437,"w":0.967383086681366},"size":1.2247449159622193,"orthographic":false}