{"cameraMode":{"drawMode":0,"name":"Shaded","section":"Shading Mode"},"sceneLighting":false,"audioPlay":false,"sceneViewState":{"showFog":true,"showMaterialUpdate":false,"showSkybox":true,"showFlares":true,"showImageEffects":true,"showParticleSystems":true},"in2DMode":false,"pivot":{"x":-73.86135864257813,"y":-55.29026794433594,"z":-142.78298950195313},"rotation":{"x":0.1943994015455246,"y":-0.5919668078422546,"z":0.14962780475616456,"w":0.7678954005241394},"size":167.27940368652345,"orthographic":false}