{"cameraMode":{"drawMode":0,"name":"Shaded","section":"Shading Mode"},"sceneLighting":false,"audioPlay":false,"sceneViewState":{"showFog":true,"showMaterialUpdate":false,"showSkybox":true,"showFlares":true,"showImageEffects":true,"showParticleSystems":true},"in2DMode":false,"pivot":{"x":0.7541859745979309,"y":7.718193054199219,"z":0.995849072933197},"rotation":{"x":0.18350696563720704,"y":-0.4568439722061157,"z":0.09650661051273346,"w":0.865257203578949},"size":0.17320799827575684,"orthographic":false}