{"cameraMode":{"drawMode":0,"name":"Shaded","section":"Shading Mode"},"sceneLighting":false,"audioPlay":false,"sceneViewState":{"showFog":true,"showMaterialUpdate":false,"showSkybox":true,"showFlares":true,"showImageEffects":true,"showParticleSystems":true},"in2DMode":false,"pivot":{"x":194.73023986816407,"y":713.3131103515625,"z":382.0802917480469},"rotation":{"x":0.0017894069897010923,"y":-0.8945892453193665,"z":0.44747966527938845,"w":0.00407726876437664},"size":4.649008750915527,"orthographic":false}